V,H,S_0,S_1,S_2,S_3,S_4,S_5,M
0.32082288438705764,0.7464257400122754,0.0,0.0,0.0,1.0,0.0,0.0,1.0
0.365860743,0.090909091,0.0,0.0,0.0,1.0,0.0,0.0,1.0
0.3104284579256779,0.7256915193422615,0.0,0.0,1.0,0.0,0.0,0.0,1.0
0.256283622,0.818181818,0.0,0.0,0.0,1.0,0.0,0.0,1.0
0.2755535986872012,0.3646868274435718,0.0,1.0,0.0,0.0,0.0,0.0,1.0
0.2946401157546218,0.9057090742202626,0.0,0.0,0.0,0.0,0.0,1.0,1.0
0.314199046,0.363636364,0.0,0.0,0.0,0.0,1.0,0.0,1.0
0.260029894,0.545454545,0.0,1.0,0.0,0.0,0.0,0.0,1.0
0.32082288438705764,0.7464257400122754,0.0,0.0,0.0,1.0,0.0,0.0,1.0
0.22977512941607403,0.9960054555149194,0.0,0.0,0.0,1.0,0.0,0.0,1.0
0.25012197999096986,0.8271364254486648,0.0,0.0,0.0,1.0,0.0,0.0,1.0
0.3202739534999615,0.7310672179855228,0.0,0.0,0.0,0.0,1.0,0.0,1.0
0.3202739534999615,0.7310672179855228,0.0,0.0,0.0,0.0,1.0,0.0,1.0
0.3136496460348989,0.0,0.0,0.0,0.0,0.0,1.0,0.0,1.0
0.3379065755514804,0.8238860733302985,0.0,0.0,1.0,0.0,0.0,0.0,1.0
0.3372889139510691,0.2915465719228004,0.0,0.0,0.0,1.0,0.0,0.0,1.0
0.265860743,1.0,0.0,1.0,0.0,0.0,0.0,0.0,1.0
0.28700875,0.272727273,1.0,0.0,0.0,0.0,0.0,0.0,1.0
0.259818455,0.727272727,0.0,1.0,0.0,0.0,0.0,0.0,1.0
0.326072182,0.363636364,0.0,0.0,0.0,1.0,0.0,0.0,1.0
0.320241334,0.181818182,1.0,0.0,0.0,0.0,0.0,0.0,1.0
0.3136496460348989,0.0,0.0,0.0,0.0,0.0,1.0,0.0,1.0
0.3434297587847411,0.0057736170108551145,0.0,0.0,0.0,0.0,1.0,0.0,1.0
0.314199046,0.727272727,0.0,0.0,0.0,0.0,1.0,0.0,1.0
0.31743163,0.727272727,0.0,0.0,1.0,0.0,0.0,0.0,1.0
0.320241334,0.181818182,1.0,0.0,0.0,0.0,0.0,0.0,1.0
0.338368198,0.090909091,0.0,0.0,1.0,0.0,0.0,0.0,1.0
0.31700875,0.090909091,0.0,0.0,0.0,0.0,1.0,0.0,1.0
0.260029894,0.545454545,0.0,1.0,0.0,0.0,0.0,0.0,1.0
0.34743163,0.0,0.0,0.0,1.0,0.0,0.0,0.0,1.0
0.30304881620369134,0.9203337667018666,0.0,0.0,0.0,0.0,1.0,0.0,1.0
0.280966463,0.636363636,0.0,1.0,0.0,0.0,0.0,0.0,1.0
0.259818455,0.727272727,0.0,1.0,0.0,0.0,0.0,0.0,1.0
0.3434297587847411,0.0057736170108551145,0.0,0.0,0.0,0.0,1.0,0.0,1.0
0.24167583775790585,0.9873893901135586,1.0,0.0,0.0,0.0,0.0,0.0,1.0
0.268881887,0.363636364,1.0,0.0,0.0,0.0,0.0,0.0,1.0
0.2548067166900373,0.8024891666181506,0.0,0.0,0.0,1.0,0.0,0.0,1.0
0.229607015,0.909090909,0.0,1.0,0.0,0.0,0.0,0.0,1.0
0.295014984,0.181818182,0.0,0.0,0.0,0.0,0.0,1.0,1.0
0.30322858625396104,0.9102926174181794,0.0,0.0,0.0,0.0,0.0,1.0,1.0
0.31700875,0.090909091,0.0,0.0,0.0,0.0,1.0,0.0,1.0
0.3282256770873323,0.8198787818742462,0.0,0.0,1.0,0.0,0.0,0.0,1.0
0.256283622,0.818181818,0.0,0.0,0.0,1.0,0.0,0.0,1.0
0.305135614,0.636363636,0.0,0.0,0.0,0.0,1.0,0.0,1.0
0.305135614,0.636363636,0.0,0.0,0.0,0.0,1.0,0.0,1.0
0.30211447,0.909090909,0.0,0.0,0.0,0.0,0.0,1.0,1.0
0.305135614,0.636363636,0.0,0.0,0.0,0.0,1.0,0.0,1.0
0.253776167,0.909090909,1.0,0.0,0.0,0.0,0.0,0.0,1.0
0.3434297587847411,0.0057736170108551145,0.0,0.0,0.0,0.0,1.0,0.0,1.0
0.244712735,0.909090909,0.0,0.0,0.0,1.0,0.0,0.0,1.0
0.338368198,0.090909091,0.0,0.0,1.0,0.0,0.0,0.0,1.0
0.28700875,0.272727273,1.0,0.0,0.0,0.0,0.0,0.0,1.0
0.30681616977041914,0.4598062045982222,0.0,0.0,0.0,0.0,1.0,0.0,1.0
0.253776167,0.909090909,1.0,0.0,0.0,0.0,0.0,0.0,1.0
0.254410486,0.818181818,1.0,0.0,0.0,0.0,0.0,0.0,1.0
0.260029894,0.545454545,0.0,1.0,0.0,0.0,0.0,0.0,1.0
0.3572626604090735,0.17683585531115567,0.0,0.0,1.0,0.0,0.0,0.0,1.0
0.329304766,0.818181818,0.0,0.0,1.0,0.0,0.0,0.0,1.0
0.283987607,0.181818182,0.0,1.0,0.0,0.0,0.0,0.0,1.0
0.256283622,0.454545455,1.0,0.0,0.0,0.0,0.0,0.0,1.0
0.24167583775790585,0.9873893901135586,1.0,0.0,0.0,0.0,0.0,0.0,1.0
0.31700875,0.090909091,0.0,0.0,0.0,0.0,1.0,0.0,1.0
0.305135614,0.727272727,0.0,0.0,0.0,1.0,0.0,0.0,1.0
0.2598858300354576,0.7180571763877578,0.0,1.0,0.0,0.0,0.0,0.0,1.0
0.353473918,0.0,0.0,0.0,0.0,1.0,0.0,0.0,1.0
0.3508833738859754,0.0,0.0,0.0,1.0,0.0,0.0,0.0,1.0
0.326072182,0.363636364,0.0,0.0,0.0,1.0,0.0,0.0,1.0
0.320241334,0.181818182,1.0,0.0,0.0,0.0,0.0,0.0,1.0
0.2591461555457178,0.8214288521227305,0.0,0.0,0.0,1.0,0.0,0.0,1.0
0.30322858625396104,0.9102926174181794,0.0,0.0,0.0,0.0,0.0,1.0,1.0
0.3280047519397815,0.00966742455773637,0.0,0.0,0.0,0.0,0.0,1.0,1.0
0.31700875,0.090909091,0.0,0.0,0.0,0.0,1.0,0.0,1.0
0.28700875,1.0,0.0,0.0,0.0,0.0,0.0,1.0,1.0
0.271903031,0.454545455,0.0,0.0,0.0,0.0,0.0,1.0,1.0
0.234924175,1.0,1.0,0.0,0.0,0.0,0.0,0.0,1.0
0.30211447,0.909090909,0.0,0.0,0.0,0.0,0.0,1.0,1.0
0.296072182,0.272727273,0.0,0.0,1.0,0.0,0.0,0.0,1.0
0.2647300555789704,0.5587368101108591,1.0,0.0,0.0,0.0,0.0,0.0,1.0
0.3175909279070544,0.7183460122103416,0.0,0.0,0.0,0.0,1.0,0.0,1.0
0.310398761,0.454545455,0.0,0.0,1.0,0.0,0.0,0.0,1.0
0.250241334,0.636363636,1.0,0.0,0.0,0.0,0.0,0.0,1.0
0.3372889139510691,0.2915465719228004,0.0,0.0,0.0,1.0,0.0,0.0,1.0
0.256283622,0.454545455,1.0,0.0,0.0,0.0,0.0,0.0,1.0
0.320241334,0.181818182,1.0,0.0,0.0,0.0,0.0,0.0,1.0
0.240966463,0.727272727,1.0,0.0,0.0,0.0,0.0,0.0,1.0
0.293776167,0.636363636,0.0,0.0,0.0,1.0,0.0,0.0,1.0
0.2557341013738965,0.7267544498199093,0.0,1.0,0.0,0.0,0.0,0.0,1.0
0.256283622,0.454545455,1.0,0.0,0.0,0.0,0.0,0.0,1.0
0.293776167,0.636363636,0.0,0.0,0.0,1.0,0.0,0.0,1.0
0.3104284579256779,0.7256915193422615,0.0,0.0,1.0,0.0,0.0,0.0,1.0
0.296072182,0.909090909,0.0,0.0,0.0,0.0,1.0,0.0,1.0
0.283987607,0.181818182,0.0,1.0,0.0,0.0,0.0,0.0,1.0
0.3508833738859754,0.0,0.0,0.0,1.0,0.0,0.0,0.0,1.0
0.271903031,0.454545455,0.0,0.0,0.0,0.0,0.0,1.0,1.0
0.341691591,0.181818182,0.0,0.0,1.0,0.0,0.0,0.0,1.0
0.3519701482863585,0.2520993957571066,0.0,0.0,0.0,1.0,0.0,0.0,1.0
0.305135614,0.636363636,0.0,0.0,0.0,0.0,1.0,0.0,1.0
0.3379065755514804,0.8238860733302985,0.0,0.0,1.0,0.0,0.0,0.0,1.0
0.305135614,0.727272727,0.0,0.0,0.0,1.0,0.0,0.0,1.0
0.2652096637104776,0.9790483299135285,0.0,1.0,0.0,0.0,0.0,0.0,1.0
0.320241334,0.090909091,1.0,0.0,0.0,0.0,0.0,0.0,1.0
0.256283622,0.818181818,0.0,0.0,0.0,1.0,0.0,0.0,1.0
0.2946401157546218,0.9057090742202626,0.0,0.0,0.0,0.0,0.0,1.0,1.0
0.2647300555789704,0.5587368101108591,1.0,0.0,0.0,0.0,0.0,0.0,1.0
0.25012197999096986,0.8271364254486648,0.0,0.0,0.0,1.0,0.0,0.0,1.0
0.305135614,0.636363636,0.0,0.0,0.0,0.0,1.0,0.0,1.0
0.308156758,1.0,0.0,0.0,1.0,0.0,0.0,0.0,1.0
0.256135870256769,0.99654293311248,0.0,0.0,0.0,1.0,0.0,0.0,1.0
0.3282256770873323,0.8198787818742462,0.0,0.0,1.0,0.0,0.0,0.0,1.0
0.33008604928171714,0.18431736467785279,0.0,0.0,0.0,1.0,0.0,0.0,1.0
0.3040199245266426,0.5512078783267387,0.0,0.0,1.0,0.0,0.0,0.0,1.0
0.3280047519397815,0.00966742455773637,0.0,0.0,0.0,0.0,0.0,1.0,1.0
0.326072182,0.363636364,0.0,0.0,0.0,1.0,0.0,0.0,1.0
0.265860743,1.0,0.0,1.0,0.0,0.0,0.0,0.0,1.0
0.305135614,0.181818182,0.0,0.0,0.0,0.0,1.0,0.0,1.0
0.24167583775790585,0.9873893901135586,1.0,0.0,0.0,0.0,0.0,0.0,1.0
0.31700875,0.090909091,0.0,0.0,0.0,0.0,1.0,0.0,1.0
0.33008604928171714,0.18431736467785279,0.0,0.0,0.0,1.0,0.0,0.0,1.0
0.338368198,0.0,0.0,0.0,0.0,0.0,0.0,1.0,1.0
0.323262478,0.545454545,0.0,0.0,0.0,0.0,1.0,0.0,1.0
0.256283622,0.818181818,0.0,0.0,0.0,1.0,0.0,0.0,1.0
0.29220528,0.545454545,0.0,0.0,0.0,0.0,0.0,1.0,1.0
0.30211447,0.363636364,0.0,0.0,1.0,0.0,0.0,0.0,1.0
0.24167583775790585,0.9873893901135586,1.0,0.0,0.0,0.0,0.0,0.0,1.0
0.28700875,1.0,0.0,0.0,0.0,0.0,0.0,1.0,1.0
0.353473918,0.0,0.0,0.0,0.0,1.0,0.0,0.0,1.0
0.3136496460348989,0.0,0.0,0.0,0.0,0.0,1.0,0.0,1.0
0.338156758,0.0,1.0,0.0,0.0,0.0,0.0,0.0,1.0
0.3434297587847411,0.0057736170108551145,0.0,0.0,0.0,0.0,1.0,0.0,1.0
0.234924175,1.0,1.0,0.0,0.0,0.0,0.0,0.0,1.0
0.3136496460348989,0.0,0.0,0.0,0.0,0.0,1.0,0.0,1.0
0.296072182,0.909090909,0.0,0.0,0.0,0.0,1.0,0.0,1.0
0.335347054,0.272727273,0.0,0.0,0.0,1.0,0.0,0.0,1.0
0.3246683295540146,0.07958815252238192,0.0,0.0,0.0,0.0,1.0,0.0,1.0
0.3175909279070544,0.7183460122103416,0.0,0.0,0.0,0.0,1.0,0.0,1.0
0.234924175,1.0,1.0,0.0,0.0,0.0,0.0,0.0,1.0
0.296072182,0.272727273,0.0,0.0,1.0,0.0,0.0,0.0,1.0
0.296072182,0.272727273,0.0,0.0,1.0,0.0,0.0,0.0,1.0
0.34743163,0.0,0.0,0.0,1.0,0.0,0.0,0.0,1.0
0.262839599,0.545454545,1.0,0.0,0.0,0.0,0.0,0.0,1.0
0.2557341013738965,0.7267544498199093,0.0,1.0,0.0,0.0,0.0,0.0,1.0
0.32082288438705764,0.7464257400122754,0.0,0.0,0.0,1.0,0.0,0.0,1.0
0.338368198,0.0,0.0,0.0,0.0,0.0,0.0,1.0,1.0
0.30211447,0.454545455,0.0,0.0,0.0,0.0,1.0,0.0,1.0
0.254410486,0.818181818,1.0,0.0,0.0,0.0,0.0,0.0,1.0
0.3572626604090735,0.17683585531115567,0.0,0.0,1.0,0.0,0.0,0.0,1.0
0.2946401157546218,0.9057090742202626,0.0,0.0,0.0,0.0,0.0,1.0,1.0
0.330029894,0.454545455,0.0,0.0,0.0,1.0,0.0,0.0,1.0
0.341691591,0.181818182,0.0,0.0,1.0,0.0,0.0,0.0,1.0
0.34743163,0.0,0.0,0.0,1.0,0.0,0.0,0.0,1.0
0.320241334,0.090909091,1.0,0.0,0.0,0.0,0.0,0.0,1.0
0.283987607,0.818181818,0.0,1.0,0.0,0.0,0.0,0.0,1.0
0.305135614,0.636363636,0.0,0.0,0.0,0.0,1.0,0.0,1.0
0.3136496460348989,0.0,0.0,0.0,0.0,0.0,1.0,0.0,1.0
0.296072182,0.545454545,0.0,0.0,1.0,0.0,0.0,0.0,1.0
0.30231259101804214,0.9092755572315937,0.0,0.0,0.0,0.0,0.0,1.0,1.0
0.271903031,0.454545455,0.0,0.0,0.0,0.0,0.0,1.0,1.0
0.3372889139510691,0.2915465719228004,0.0,0.0,0.0,1.0,0.0,0.0,1.0
0.31480613957012654,0.17398229389959285,0.0,0.0,0.0,0.0,1.0,0.0,1.0
0.2548067166900373,0.8024891666181506,0.0,0.0,0.0,1.0,0.0,0.0,1.0
0.296072182,0.272727273,0.0,0.0,1.0,0.0,0.0,0.0,1.0
0.30211447,0.363636364,0.0,0.0,1.0,0.0,0.0,0.0,1.0
0.30231259101804214,0.9092755572315937,0.0,0.0,0.0,0.0,0.0,1.0,1.0
0.30681616977041914,0.4598062045982222,0.0,0.0,0.0,0.0,1.0,0.0,1.0
0.30211447,0.909090909,0.0,0.0,0.0,0.0,0.0,1.0,1.0
0.2647300555789704,0.5587368101108591,1.0,0.0,0.0,0.0,0.0,0.0,1.0
0.28700875,0.272727273,1.0,0.0,0.0,0.0,0.0,0.0,1.0
0.338156758,0.0,1.0,0.0,0.0,0.0,0.0,0.0,1.0
0.262839599,0.545454545,1.0,0.0,0.0,0.0,0.0,0.0,1.0
0.3508833738859754,0.0,0.0,0.0,1.0,0.0,0.0,0.0,1.0
0.305135614,0.727272727,0.0,0.0,0.0,1.0,0.0,0.0,1.0
0.32082288438705764,0.7464257400122754,0.0,0.0,0.0,1.0,0.0,0.0,1.0
0.314199046,0.272727273,0.0,0.0,0.0,0.0,1.0,0.0,1.0
0.353473918,0.0,0.0,0.0,0.0,1.0,0.0,0.0,1.0
0.3060943185397115,0.6361785603735459,0.0,0.0,0.0,0.0,0.0,1.0,1.0
0.256283622,0.818181818,0.0,0.0,0.0,1.0,0.0,0.0,1.0
0.3508833738859754,0.0,0.0,0.0,1.0,0.0,0.0,0.0,1.0
0.295014984,0.181818182,0.0,0.0,0.0,0.0,0.0,1.0,1.0
0.29791700348463906,0.3504760519307457,0.0,0.0,1.0,0.0,0.0,0.0,1.0
0.253776167,0.909090909,1.0,0.0,0.0,0.0,0.0,0.0,1.0
0.296072182,0.909090909,0.0,0.0,0.0,0.0,1.0,0.0,1.0
0.30259029659963255,0.6403025523564808,0.0,0.0,0.0,0.0,0.0,1.0,1.0
0.32082288438705764,0.7464257400122754,0.0,0.0,0.0,1.0,0.0,0.0,1.0
0.3181968691295853,0.006457473218788079,1.0,0.0,0.0,0.0,0.0,0.0,1.0
0.365860743,0.090909091,0.0,0.0,0.0,1.0,0.0,0.0,1.0
0.30259029659963255,0.6403025523564808,0.0,0.0,0.0,0.0,0.0,1.0,1.0
0.256283622,0.454545455,1.0,0.0,0.0,0.0,0.0,0.0,1.0
0.2769296068146841,0.3668699061959119,1.0,0.0,0.0,0.0,0.0,0.0,1.0
0.30681616977041914,0.4598062045982222,0.0,0.0,0.0,0.0,1.0,0.0,1.0
0.283987607,0.818181818,0.0,1.0,0.0,0.0,0.0,0.0,1.0
0.32082288438705764,0.7464257400122754,0.0,0.0,0.0,1.0,0.0,0.0,1.0
0.33008604928171714,0.18431736467785279,0.0,0.0,0.0,1.0,0.0,0.0,1.0
0.256283622,0.818181818,0.0,0.0,0.0,1.0,0.0,0.0,1.0
0.27199384,0.272727273,0.0,0.0,0.0,0.0,0.0,1.0,1.0
0.323262478,0.545454545,0.0,0.0,0.0,0.0,1.0,0.0,1.0
0.310398761,0.454545455,0.0,0.0,1.0,0.0,0.0,0.0,1.0
0.335347054,0.545454545,0.0,0.0,0.0,1.0,0.0,0.0,1.0
0.274199046,1.0,0.0,0.0,0.0,0.0,1.0,0.0,1.0
0.28700875,1.0,0.0,0.0,0.0,0.0,0.0,1.0,1.0
0.229607015,0.909090909,0.0,1.0,0.0,0.0,0.0,0.0,1.0
0.6158968450491573,0.10132349196512397,0.0,1.0,0.0,0.0,0.0,0.0,2.0
0.999998728,0.181818182,0.0,0.0,0.0,1.0,0.0,0.0,2.0
0.4592835919496293,0.9215848949791823,0.0,0.0,0.0,0.0,0.0,1.0,2.0
0.504531116,0.818181818,0.0,0.0,0.0,1.0,0.0,0.0,2.0
1.0,0.2704876030627526,0.0,0.0,0.0,0.0,0.0,1.0,2.0
1.0,0.10120082638957792,0.0,0.0,1.0,0.0,0.0,0.0,2.0
0.628398019,0.636363636,0.0,0.0,0.0,0.0,1.0,0.0,2.0
0.438065949,0.545454545,0.0,1.0,0.0,0.0,0.0,0.0,2.0
0.6158968450491573,0.10132349196512397,0.0,1.0,0.0,0.0,0.0,0.0,2.0
0.46568485198084897,0.9180933520140444,0.0,0.0,0.0,1.0,0.0,0.0,2.0
0.6623962521615593,0.6367826743896543,0.0,0.0,0.0,1.0,0.0,0.0,2.0
0.44844745415401205,0.8172371810003093,1.0,0.0,0.0,0.0,0.0,0.0,2.0
0.44844745415401205,0.8172371810003093,1.0,0.0,0.0,0.0,0.0,0.0,2.0
0.9842773468885219,0.09416706845725305,0.0,0.0,0.0,0.0,0.0,1.0,2.0
0.4613532262914502,0.8072084265755856,1.0,0.0,0.0,0.0,0.0,0.0,2.0
0.9969074821087922,0.4487836838505157,0.0,0.0,1.0,0.0,0.0,0.0,2.0
0.999998728,0.0,0.0,0.0,0.0,0.0,1.0,0.0,2.0
0.999998728,0.272727273,1.0,0.0,0.0,0.0,0.0,0.0,2.0
0.398791077,0.636363636,0.0,1.0,0.0,0.0,0.0,0.0,2.0
0.725074626,0.454545455,0.0,0.0,0.0,1.0,0.0,0.0,2.0
0.999998728,0.090909091,1.0,0.0,0.0,0.0,0.0,0.0,2.0
0.9842773468885219,0.09416706845725305,0.0,0.0,0.0,0.0,0.0,1.0,2.0
0.468277389,0.818181818,0.0,0.0,0.0,0.0,1.0,0.0,2.0
0.628398019,0.818181818,0.0,0.0,1.0,0.0,0.0,0.0,2.0
0.999998728,0.090909091,1.0,0.0,0.0,0.0,0.0,0.0,2.0
0.999998728,0.363636364,0.0,0.0,1.0,0.0,0.0,0.0,2.0
0.71299005,0.363636364,0.0,0.0,0.0,0.0,1.0,0.0,2.0
0.438065949,0.545454545,0.0,1.0,0.0,0.0,0.0,0.0,2.0
0.999998728,0.181818182,0.0,0.0,1.0,0.0,0.0,0.0,2.0
0.7288269603060692,1.6949197954040353e-06,0.0,1.0,0.0,0.0,0.0,0.0,2.0
0.371600782,0.727272727,0.0,1.0,0.0,0.0,0.0,0.0,2.0
0.398791077,0.636363636,0.0,1.0,0.0,0.0,0.0,0.0,2.0
1.0,0.17593725545939043,1.0,0.0,0.0,0.0,0.0,0.0,2.0
0.78851865,0.454545455,1.0,0.0,0.0,0.0,0.0,0.0,2.0
0.9878857855668586,0.42994438151021985,0.0,0.0,1.0,0.0,0.0,0.0,2.0
0.999998728,0.090909091,0.0,0.0,0.0,0.0,1.0,0.0,2.0
0.999998728,0.272727273,0.0,0.0,0.0,0.0,0.0,1.0,2.0
0.6070086682576384,0.09272091635839276,0.0,1.0,0.0,0.0,0.0,0.0,2.0
0.71299005,0.363636364,0.0,0.0,0.0,0.0,1.0,0.0,2.0
0.46896240166143,0.9089562565143084,0.0,0.0,0.0,1.0,0.0,0.0,2.0
0.504531116,0.818181818,0.0,0.0,0.0,1.0,0.0,0.0,2.0
0.483383109,0.909090909,0.0,0.0,0.0,0.0,1.0,0.0,2.0
0.483383109,0.909090909,0.0,0.0,0.0,0.0,1.0,0.0,2.0
0.444108237,1.0,0.0,0.0,0.0,0.0,0.0,1.0,2.0
0.483383109,0.909090909,0.0,0.0,0.0,0.0,1.0,0.0,2.0
0.439213957,1.0,1.0,0.0,0.0,0.0,0.0,0.0,2.0
0.450150525,1.0,0.0,0.0,0.0,1.0,0.0,0.0,2.0
0.999998728,0.363636364,0.0,0.0,1.0,0.0,0.0,0.0,2.0
0.999998728,0.272727273,1.0,0.0,0.0,0.0,0.0,0.0,2.0
0.4204943294354536,1.0,1.0,0.0,0.0,0.0,0.0,0.0,2.0
0.439213957,1.0,1.0,0.0,0.0,0.0,0.0,0.0,2.0
0.453171669,0.818181818,1.0,0.0,0.0,0.0,0.0,0.0,2.0
0.438065949,0.545454545,0.0,1.0,0.0,0.0,0.0,0.0,2.0
1.0,0.5517601854801067,0.0,0.0,1.0,0.0,0.0,0.0,2.0
0.549848276,1.0,0.0,0.0,1.0,0.0,0.0,0.0,2.0
0.622355731,0.090909091,0.0,1.0,0.0,0.0,0.0,0.0,2.0
0.906343265,0.363636364,1.0,0.0,0.0,0.0,0.0,0.0,2.0
1.0,0.17593725545939043,1.0,0.0,0.0,0.0,0.0,0.0,2.0
0.71299005,0.363636364,0.0,0.0,0.0,0.0,1.0,0.0,2.0
0.628398019,0.636363636,0.0,0.0,0.0,1.0,0.0,0.0,2.0
0.999998728,0.0,0.0,0.0,0.0,1.0,0.0,0.0,2.0
0.9906424260619647,0.007441136587965697,1.0,0.0,0.0,0.0,0.0,0.0,2.0
0.725074626,0.454545455,0.0,0.0,0.0,1.0,0.0,0.0,2.0
0.999998728,0.090909091,1.0,0.0,0.0,0.0,0.0,0.0,2.0
1.0,0.0011591726183805653,0.0,0.0,0.0,0.0,1.0,0.0,2.0
0.6070086682576384,0.09272091635839276,0.0,1.0,0.0,0.0,0.0,0.0,2.0
0.71299005,0.363636364,0.0,0.0,0.0,0.0,1.0,0.0,2.0
0.44017622380189186,1.0,0.0,0.0,0.0,0.0,0.0,1.0,2.0
0.716011194,0.545454545,0.0,0.0,0.0,0.0,0.0,1.0,2.0
0.442446541,0.909090909,1.0,0.0,0.0,0.0,0.0,0.0,2.0
0.444108237,1.0,0.0,0.0,0.0,0.0,0.0,1.0,2.0
0.999998728,0.454545455,0.0,0.0,1.0,0.0,0.0,0.0,2.0
0.7114437851332207,0.0026736165444156573,0.0,1.0,0.0,0.0,0.0,0.0,2.0
0.7990633054140674,0.3428492223960574,0.0,0.0,0.0,1.0,0.0,0.0,2.0
0.999998728,0.545454545,0.0,0.0,1.0,0.0,0.0,0.0,2.0
0.586102004,0.727272727,1.0,0.0,0.0,0.0,0.0,0.0,2.0
0.9969074821087922,0.4487836838505157,0.0,0.0,1.0,0.0,0.0,0.0,2.0
0.906343265,0.363636364,1.0,0.0,0.0,0.0,0.0,0.0,2.0
0.999998728,0.090909091,1.0,0.0,0.0,0.0,0.0,0.0,2.0
0.610271155,0.636363636,1.0,0.0,0.0,0.0,0.0,0.0,2.0
0.534742556,0.727272727,0.0,0.0,0.0,1.0,0.0,0.0,2.0
0.45061554763906286,0.9151088835994443,1.0,0.0,0.0,0.0,0.0,0.0,2.0
0.906343265,0.363636364,1.0,0.0,0.0,0.0,0.0,0.0,2.0
0.534742556,0.727272727,0.0,0.0,0.0,1.0,0.0,0.0,2.0
0.4592835919496293,0.9215848949791823,0.0,0.0,0.0,0.0,0.0,1.0,2.0
0.999998728,0.090909091,0.0,0.0,1.0,0.0,0.0,0.0,2.0
0.622355731,0.090909091,0.0,1.0,0.0,0.0,0.0,0.0,2.0
0.9906424260619647,0.007441136587965697,1.0,0.0,0.0,0.0,0.0,0.0,2.0
0.716011194,0.545454545,0.0,0.0,0.0,0.0,0.0,1.0,2.0
0.999998728,0.272727273,0.0,0.0,1.0,0.0,0.0,0.0,2.0
0.5623809445186408,0.7984524804624304,0.0,0.0,0.0,0.0,0.0,1.0,2.0
0.483383109,0.909090909,0.0,0.0,0.0,0.0,1.0,0.0,2.0
0.4613532262914502,0.8072084265755856,1.0,0.0,0.0,0.0,0.0,0.0,2.0
0.628398019,0.636363636,0.0,0.0,0.0,1.0,0.0,0.0,2.0
0.6014458143789477,0.6459573238763976,1.0,0.0,0.0,0.0,0.0,0.0,2.0
0.999998728,0.181818182,1.0,0.0,0.0,0.0,0.0,0.0,2.0
0.504531116,0.818181818,0.0,0.0,0.0,1.0,0.0,0.0,2.0
1.0,0.10120082638957792,0.0,0.0,1.0,0.0,0.0,0.0,2.0
0.7114437851332207,0.0026736165444156573,0.0,1.0,0.0,0.0,0.0,0.0,2.0
0.6623962521615593,0.6367826743896543,0.0,0.0,0.0,1.0,0.0,0.0,2.0
0.483383109,0.909090909,0.0,0.0,0.0,0.0,1.0,0.0,2.0
0.999998728,0.0,0.0,0.0,0.0,0.0,0.0,1.0,2.0
0.6100966683406869,0.9118841876462306,0.0,0.0,1.0,0.0,0.0,0.0,2.0
0.46896240166143,0.9089562565143084,0.0,0.0,0.0,1.0,0.0,0.0,2.0
0.5095835582955909,0.7393593777996538,0.0,0.0,0.0,0.0,0.0,1.0,2.0
0.725074626,0.454545455,0.0,0.0,0.0,1.0,0.0,0.0,2.0
0.999998728,0.0,0.0,0.0,0.0,0.0,1.0,0.0,2.0
0.957702712,0.272727273,0.0,0.0,0.0,0.0,1.0,0.0,2.0
1.0,0.17593725545939043,1.0,0.0,0.0,0.0,0.0,0.0,2.0
0.71299005,0.363636364,0.0,0.0,0.0,0.0,1.0,0.0,2.0
0.891237545,0.181818182,0.0,0.0,0.0,0.0,0.0,1.0,2.0
0.495256245,0.727272727,0.0,0.0,0.0,0.0,1.0,0.0,2.0
0.504531116,0.818181818,0.0,0.0,0.0,1.0,0.0,0.0,2.0
0.50755226,0.727272727,0.0,0.0,0.0,0.0,0.0,1.0,2.0
0.851962673,0.636363636,0.0,0.0,1.0,0.0,0.0,0.0,2.0
1.0,0.17593725545939043,1.0,0.0,0.0,0.0,0.0,0.0,2.0
0.44017622380189186,1.0,0.0,0.0,0.0,0.0,0.0,1.0,2.0
0.999998728,0.0,0.0,0.0,0.0,1.0,0.0,0.0,2.0
0.9842773468885219,0.09416706845725305,0.0,0.0,0.0,0.0,0.0,1.0,2.0
0.999998728,0.0,1.0,0.0,0.0,0.0,0.0,0.0,2.0
0.442446541,0.909090909,1.0,0.0,0.0,0.0,0.0,0.0,2.0
0.9842773468885219,0.09416706845725305,0.0,0.0,0.0,0.0,0.0,1.0,2.0
0.999998728,0.090909091,0.0,0.0,1.0,0.0,0.0,0.0,2.0
0.975829576,0.272727273,0.0,0.0,0.0,1.0,0.0,0.0,2.0
0.7990633054140674,0.3428492223960574,0.0,0.0,0.0,1.0,0.0,0.0,2.0
0.442446541,0.909090909,1.0,0.0,0.0,0.0,0.0,0.0,2.0
0.999998728,0.454545455,0.0,0.0,1.0,0.0,0.0,0.0,2.0
0.999998728,0.454545455,0.0,0.0,1.0,0.0,0.0,0.0,2.0
0.999998728,0.181818182,0.0,0.0,1.0,0.0,0.0,0.0,2.0
0.658609459,0.545454545,1.0,0.0,0.0,0.0,0.0,0.0,2.0
0.45061554763906286,0.9151088835994443,1.0,0.0,0.0,0.0,0.0,0.0,2.0
0.6158968450491573,0.10132349196512397,0.0,1.0,0.0,0.0,0.0,0.0,2.0
0.891237545,0.181818182,0.0,0.0,0.0,0.0,0.0,1.0,2.0
0.734138058,0.545454545,0.0,0.0,0.0,0.0,1.0,0.0,2.0
0.453171669,0.818181818,1.0,0.0,0.0,0.0,0.0,0.0,2.0
1.0,0.5517601854801067,0.0,0.0,1.0,0.0,0.0,0.0,2.0
1.0,0.10120082638957792,0.0,0.0,1.0,0.0,0.0,0.0,2.0
0.815708945,0.363636364,0.0,0.0,0.0,1.0,0.0,0.0,2.0
0.999998728,0.272727273,0.0,0.0,1.0,0.0,0.0,0.0,2.0
0.999998728,0.181818182,0.0,0.0,1.0,0.0,0.0,0.0,2.0
0.999998728,0.181818182,1.0,0.0,0.0,0.0,0.0,0.0,2.0
0.36253735,0.818181818,0.0,1.0,0.0,0.0,0.0,0.0,2.0
0.483383109,0.909090909,0.0,0.0,0.0,0.0,1.0,0.0,2.0
0.9842773468885219,0.09416706845725305,0.0,0.0,0.0,0.0,0.0,1.0,2.0
0.854983817,0.727272727,0.0,0.0,1.0,0.0,0.0,0.0,2.0
1.0,0.2757627244844406,0.0,0.0,0.0,0.0,0.0,1.0,2.0
0.716011194,0.545454545,0.0,0.0,0.0,0.0,0.0,1.0,2.0
0.9969074821087922,0.4487836838505157,0.0,0.0,1.0,0.0,0.0,0.0,2.0
0.456873647463456,0.9944394310159995,0.0,0.0,0.0,0.0,1.0,0.0,2.0
0.9878857855668586,0.42994438151021985,0.0,0.0,1.0,0.0,0.0,0.0,2.0
0.999998728,0.454545455,0.0,0.0,1.0,0.0,0.0,0.0,2.0
0.851962673,0.636363636,0.0,0.0,1.0,0.0,0.0,0.0,2.0
1.0,0.2757627244844406,0.0,0.0,0.0,0.0,0.0,1.0,2.0
0.4204943294354536,1.0,1.0,0.0,0.0,0.0,0.0,0.0,2.0
0.444108237,1.0,0.0,0.0,0.0,0.0,0.0,1.0,2.0
0.7114437851332207,0.0026736165444156573,0.0,1.0,0.0,0.0,0.0,0.0,2.0
0.999998728,0.272727273,1.0,0.0,0.0,0.0,0.0,0.0,2.0
0.999998728,0.0,1.0,0.0,0.0,0.0,0.0,0.0,2.0
0.658609459,0.545454545,1.0,0.0,0.0,0.0,0.0,0.0,2.0
0.9906424260619647,0.007441136587965697,1.0,0.0,0.0,0.0,0.0,0.0,2.0
0.628398019,0.636363636,0.0,0.0,0.0,1.0,0.0,0.0,2.0
0.6158968450491573,0.10132349196512397,0.0,1.0,0.0,0.0,0.0,0.0,2.0
0.75830721,0.454545455,0.0,0.0,0.0,0.0,1.0,0.0,2.0
0.999998728,0.0,0.0,0.0,0.0,1.0,0.0,0.0,2.0
0.6274317159637854,0.6331027233987999,0.0,0.0,0.0,0.0,1.0,0.0,2.0
0.504531116,0.818181818,0.0,0.0,0.0,1.0,0.0,0.0,2.0
0.9906424260619647,0.007441136587965697,1.0,0.0,0.0,0.0,0.0,0.0,2.0
0.999998728,0.272727273,0.0,0.0,0.0,0.0,0.0,1.0,2.0
0.9994664748824765,0.36515089111566557,0.0,0.0,1.0,0.0,0.0,0.0,2.0
0.439213957,1.0,1.0,0.0,0.0,0.0,0.0,0.0,2.0
0.999998728,0.090909091,0.0,0.0,1.0,0.0,0.0,0.0,2.0
0.9937240193378142,0.0,0.0,0.0,0.0,1.0,0.0,0.0,2.0
0.6158968450491573,0.10132349196512397,0.0,1.0,0.0,0.0,0.0,0.0,2.0
0.999998728,0.181818182,0.0,0.0,0.0,1.0,0.0,0.0,2.0
0.9937240193378142,0.0,0.0,0.0,0.0,1.0,0.0,0.0,2.0
0.906343265,0.363636364,1.0,0.0,0.0,0.0,0.0,0.0,2.0
0.5911060084393568,0.9021231336303585,0.0,0.0,1.0,0.0,0.0,0.0,2.0
0.4204943294354536,1.0,1.0,0.0,0.0,0.0,0.0,0.0,2.0
0.36253735,0.818181818,0.0,1.0,0.0,0.0,0.0,0.0,2.0
0.6158968450491573,0.10132349196512397,0.0,1.0,0.0,0.0,0.0,0.0,2.0
0.504531116,0.818181818,0.0,0.0,0.0,1.0,0.0,0.0,2.0
0.809666657,0.454545455,0.0,0.0,0.0,0.0,0.0,1.0,2.0
0.495256245,0.727272727,0.0,0.0,0.0,0.0,1.0,0.0,2.0
0.999998728,0.545454545,0.0,0.0,1.0,0.0,0.0,0.0,2.0
0.655588315,0.545454545,0.0,0.0,0.0,1.0,0.0,0.0,2.0
0.999998728,0.0,0.0,0.0,1.0,0.0,0.0,0.0,2.0
0.44017622380189186,1.0,0.0,0.0,0.0,0.0,0.0,1.0,2.0
0.999998728,0.090909091,0.0,0.0,0.0,0.0,1.0,0.0,2.0
0.456873647463456,0.9944394310159995,0.0,0.0,0.0,0.0,1.0,0.0,2.0
0.734138058,0.545454545,0.0,0.0,0.0,0.0,1.0,0.0,2.0
0.592144292,0.909090909,0.0,0.0,1.0,0.0,0.0,0.0,2.0
0.999998728,0.272727273,0.0,0.0,0.0,0.0,0.0,1.0,2.0
0.50755226,0.727272727,0.0,0.0,0.0,0.0,0.0,1.0,2.0
0.483383109,0.909090909,0.0,0.0,0.0,0.0,1.0,0.0,2.0
0.480361965,0.454545455,0.0,1.0,0.0,0.0,0.0,0.0,2.0
0.610271155,0.636363636,1.0,0.0,0.0,0.0,0.0,0.0,2.0
0.734138058,0.545454545,0.0,0.0,0.0,0.0,1.0,0.0,2.0
0.734138058,0.545454545,0.0,0.0,0.0,0.0,1.0,0.0,2.0
0.716011194,0.545454545,0.0,0.0,0.0,0.0,0.0,1.0,2.0
1.0,0.0011591726183805653,0.0,0.0,0.0,0.0,1.0,0.0,2.0
0.665696526811771,0.18221563610226338,0.0,0.0,1.0,0.0,0.0,0.0,3.0
0.534742556,0.0,0.0,1.0,0.0,0.0,0.0,0.0,3.0
0.48294754418082203,0.2730527986963662,0.0,0.0,0.0,1.0,0.0,0.0,3.0
0.344410486,1.0,0.0,0.0,0.0,1.0,0.0,0.0,3.0
0.40352049768227727,0.4635125692350258,0.0,0.0,0.0,0.0,1.0,0.0,3.0
0.4338770437696536,0.37465962901222305,0.0,0.0,0.0,0.0,1.0,0.0,3.0
0.416917941,0.545454545,0.0,0.0,1.0,0.0,0.0,0.0,3.0
0.314199046,0.727272727,0.0,1.0,0.0,0.0,0.0,0.0,3.0
0.665696526811771,0.18221563610226338,0.0,0.0,1.0,0.0,0.0,0.0,3.0
0.3982790645611343,0.6350378448675266,0.0,0.0,0.0,0.0,0.0,1.0,3.0
0.38524670981356707,0.10065747745087633,1.0,0.0,0.0,0.0,0.0,0.0,3.0
0.5676175322743949,0.0,0.0,0.0,0.0,0.0,1.0,0.0,3.0
0.5676175322743949,0.0,0.0,0.0,0.0,0.0,1.0,0.0,3.0
0.4827834701742595,0.09194185635449992,0.0,0.0,0.0,0.0,1.0,0.0,3.0
0.35475356834024513,0.8199507428236879,0.0,0.0,0.0,1.0,0.0,0.0,3.0
0.3910240512207147,0.43612372583619974,0.0,0.0,0.0,0.0,1.0,0.0,3.0
0.477340821,0.181818182,0.0,0.0,0.0,0.0,1.0,0.0,3.0
0.368579638,0.272727273,1.0,0.0,0.0,0.0,0.0,0.0,3.0
0.253776167,0.909090909,0.0,1.0,0.0,0.0,0.0,0.0,3.0
0.395769933,0.272727273,0.0,1.0,0.0,0.0,0.0,0.0,3.0
0.365347054,0.181818182,1.0,0.0,0.0,0.0,0.0,0.0,3.0
0.4827834701742595,0.09194185635449992,0.0,0.0,0.0,0.0,1.0,0.0,3.0
0.35600899094269073,0.9096792463587697,0.0,0.0,1.0,0.0,0.0,0.0,3.0
0.326283622,1.0,0.0,0.0,0.0,0.0,1.0,0.0,3.0
0.561932852,0.181818182,0.0,0.0,0.0,0.0,0.0,1.0,3.0
0.365347054,0.181818182,1.0,0.0,0.0,0.0,0.0,0.0,3.0
0.52265798,0.363636364,0.0,0.0,0.0,0.0,0.0,1.0,3.0
0.549848276,0.272727273,0.0,0.0,1.0,0.0,0.0,0.0,3.0
0.314199046,0.727272727,0.0,1.0,0.0,0.0,0.0,0.0,3.0
0.483383109,0.454545455,0.0,0.0,1.0,0.0,0.0,0.0,3.0
0.353684208087808,0.7091760769136536,0.0,0.0,0.0,0.0,0.0,1.0,3.0
0.271903031,0.636363636,0.0,0.0,0.0,0.0,1.0,0.0,3.0
0.253776167,0.909090909,0.0,1.0,0.0,0.0,0.0,0.0,3.0
0.35600899094269073,0.9096792463587697,0.0,0.0,1.0,0.0,0.0,0.0,3.0
0.3404719077173312,1.0,0.0,0.0,0.0,1.0,0.0,0.0,3.0
0.492446541,0.272727273,0.0,0.0,0.0,1.0,0.0,0.0,3.0
0.2701909614753099,0.6502157224103078,0.0,0.0,0.0,0.0,1.0,0.0,3.0
0.30211447,0.909090909,0.0,0.0,0.0,0.0,1.0,0.0,3.0
0.350452774,0.727272727,0.0,0.0,0.0,0.0,0.0,1.0,3.0
0.4271879077934892,0.3799610564770791,0.0,0.0,0.0,0.0,1.0,0.0,3.0
0.549848276,0.272727273,0.0,0.0,1.0,0.0,0.0,0.0,3.0
0.5586952762989209,0.17900338437041596,0.0,0.0,0.0,0.0,0.0,1.0,3.0
0.344410486,1.0,0.0,0.0,0.0,1.0,0.0,0.0,3.0
0.380664214,0.818181818,0.0,0.0,1.0,0.0,0.0,0.0,3.0
0.380664214,0.818181818,0.0,0.0,1.0,0.0,0.0,0.0,3.0
0.315558494,0.636363636,1.0,0.0,0.0,0.0,0.0,0.0,3.0
0.380664214,0.818181818,0.0,0.0,1.0,0.0,0.0,0.0,3.0
0.356072182,0.818181818,0.0,0.0,0.0,1.0,0.0,0.0,3.0
0.35600899094269073,0.9096792463587697,0.0,0.0,1.0,0.0,0.0,0.0,3.0
0.280966463,0.818181818,0.0,1.0,0.0,0.0,0.0,0.0,3.0
0.52265798,0.363636364,0.0,0.0,0.0,0.0,0.0,1.0,3.0
0.368579638,0.272727273,1.0,0.0,0.0,0.0,0.0,0.0,3.0
0.6627963296710125,0.17336019037395684,0.0,0.0,1.0,0.0,0.0,0.0,3.0
0.356072182,0.818181818,0.0,0.0,0.0,1.0,0.0,0.0,3.0
0.335347054,0.818181818,1.0,0.0,0.0,0.0,0.0,0.0,3.0
0.314199046,0.727272727,0.0,1.0,0.0,0.0,0.0,0.0,3.0
0.3859900515578193,0.19907448449813903,0.0,1.0,0.0,0.0,0.0,0.0,3.0
0.586102004,0.272727273,0.0,0.0,0.0,0.0,0.0,1.0,3.0
0.356495062,0.363636364,0.0,1.0,0.0,0.0,0.0,0.0,3.0
0.338156758,0.454545455,1.0,0.0,0.0,0.0,0.0,0.0,3.0
0.3404719077173312,1.0,0.0,0.0,0.0,1.0,0.0,0.0,3.0
0.549848276,0.272727273,0.0,0.0,1.0,0.0,0.0,0.0,3.0
0.338368198,0.909090909,0.0,0.0,0.0,1.0,0.0,0.0,3.0
0.613292299,0.181818182,0.0,0.0,0.0,1.0,0.0,0.0,3.0
0.40401824917893087,0.45583384510328445,0.0,0.0,0.0,0.0,1.0,0.0,3.0
0.395769933,0.272727273,0.0,1.0,0.0,0.0,0.0,0.0,3.0
0.365347054,0.181818182,1.0,0.0,0.0,0.0,0.0,0.0,3.0
0.3524866088399055,0.8175522930960891,0.0,0.0,0.0,0.0,0.0,1.0,3.0
0.4271879077934892,0.3799610564770791,0.0,0.0,0.0,0.0,1.0,0.0,3.0
0.549848276,0.272727273,0.0,0.0,1.0,0.0,0.0,0.0,3.0
0.3596361018997173,0.7379192252118943,0.0,0.0,0.0,1.0,0.0,0.0,3.0
0.306495062,1.0,0.0,0.0,0.0,0.0,0.0,1.0,3.0
0.303262478,1.0,1.0,0.0,0.0,0.0,0.0,0.0,3.0
0.315558494,0.636363636,1.0,0.0,0.0,0.0,0.0,0.0,3.0
0.36253735,0.727272727,0.0,0.0,1.0,0.0,0.0,0.0,3.0
0.4800487150561072,0.11131030024411033,0.0,0.0,0.0,0.0,1.0,0.0,3.0
0.5211862732550429,0.37526215154997095,0.0,0.0,1.0,0.0,0.0,0.0,3.0
0.352748789,0.909090909,0.0,0.0,1.0,0.0,0.0,0.0,3.0
0.374706501,0.545454545,0.0,0.0,0.0,1.0,0.0,0.0,3.0
0.3910240512207147,0.43612372583619974,0.0,0.0,0.0,0.0,1.0,0.0,3.0
0.338156758,0.454545455,1.0,0.0,0.0,0.0,0.0,0.0,3.0
0.365347054,0.181818182,1.0,0.0,0.0,0.0,0.0,0.0,3.0
0.319093326,0.727272727,1.0,0.0,0.0,0.0,0.0,0.0,3.0
0.353473918,0.545454545,0.0,1.0,0.0,0.0,0.0,0.0,3.0
0.3691722796993811,0.8410254912797892,0.0,0.0,0.0,1.0,0.0,0.0,3.0
0.338156758,0.454545455,1.0,0.0,0.0,0.0,0.0,0.0,3.0
0.353473918,0.545454545,0.0,1.0,0.0,0.0,0.0,0.0,3.0
0.48294754418082203,0.2730527986963662,0.0,0.0,0.0,1.0,0.0,0.0,3.0
0.752264922,0.090909091,0.0,0.0,0.0,0.0,0.0,1.0,3.0
0.356495062,0.363636364,0.0,1.0,0.0,0.0,0.0,0.0,3.0
0.40401824917893087,0.45583384510328445,0.0,0.0,0.0,0.0,1.0,0.0,3.0
0.306495062,1.0,0.0,0.0,0.0,0.0,0.0,1.0,3.0
0.395769933,0.636363636,0.0,0.0,1.0,0.0,0.0,0.0,3.0
0.6439592448278434,0.1985777344540603,0.0,0.0,1.0,0.0,0.0,0.0,3.0
0.380664214,0.818181818,0.0,0.0,1.0,0.0,0.0,0.0,3.0
0.35475356834024513,0.8199507428236879,0.0,0.0,0.0,1.0,0.0,0.0,3.0
0.338368198,0.909090909,0.0,0.0,0.0,1.0,0.0,0.0,3.0
0.35459303440346135,0.5476231331986844,0.0,1.0,0.0,0.0,0.0,0.0,3.0
0.303685358,0.909090909,1.0,0.0,0.0,0.0,0.0,0.0,3.0
0.344410486,1.0,0.0,0.0,0.0,1.0,0.0,0.0,3.0
0.4338770437696536,0.37465962901222305,0.0,0.0,0.0,0.0,1.0,0.0,3.0
0.4800487150561072,0.11131030024411033,0.0,0.0,0.0,0.0,1.0,0.0,3.0
0.38524670981356707,0.10065747745087633,1.0,0.0,0.0,0.0,0.0,0.0,3.0
0.380664214,0.818181818,0.0,0.0,1.0,0.0,0.0,0.0,3.0
0.489425397,0.454545455,0.0,0.0,0.0,0.0,0.0,1.0,3.0
0.4889894601618379,0.09577695019000047,0.0,0.0,0.0,0.0,1.0,0.0,3.0
0.5586952762989209,0.17900338437041596,0.0,0.0,0.0,0.0,0.0,1.0,3.0
0.3645890017564649,0.27443906995068634,1.0,0.0,0.0,0.0,0.0,0.0,3.0
0.47229452728713256,0.1721518796092578,0.0,0.0,0.0,0.0,1.0,0.0,3.0
0.395769933,0.272727273,0.0,1.0,0.0,0.0,0.0,0.0,3.0
0.477340821,0.181818182,0.0,0.0,0.0,0.0,1.0,0.0,3.0
0.407854509,0.454545455,0.0,0.0,0.0,0.0,1.0,0.0,3.0
0.3404719077173312,1.0,0.0,0.0,0.0,1.0,0.0,0.0,3.0
0.549848276,0.272727273,0.0,0.0,1.0,0.0,0.0,0.0,3.0
0.3645890017564649,0.27443906995068634,1.0,0.0,0.0,0.0,0.0,0.0,3.0
0.425981373,0.545454545,0.0,0.0,0.0,0.0,0.0,1.0,3.0
0.365558494,0.818181818,0.0,0.0,0.0,0.0,1.0,0.0,3.0
0.344410486,1.0,0.0,0.0,0.0,1.0,0.0,0.0,3.0
0.374621926,0.090909091,1.0,0.0,0.0,0.0,0.0,0.0,3.0
0.404833365,0.636363636,0.0,0.0,0.0,0.0,0.0,1.0,3.0
0.3404719077173312,1.0,0.0,0.0,0.0,1.0,0.0,0.0,3.0
0.3596361018997173,0.7379192252118943,0.0,0.0,0.0,1.0,0.0,0.0,3.0
0.613292299,0.181818182,0.0,0.0,0.0,1.0,0.0,0.0,3.0
0.4827834701742595,0.09194185635449992,0.0,0.0,0.0,0.0,1.0,0.0,3.0
0.389304766,0.0,1.0,0.0,0.0,0.0,0.0,0.0,3.0
0.35600899094269073,0.9096792463587697,0.0,0.0,1.0,0.0,0.0,0.0,3.0
0.303262478,1.0,1.0,0.0,0.0,0.0,0.0,0.0,3.0
0.4827834701742595,0.09194185635449992,0.0,0.0,0.0,0.0,1.0,0.0,3.0
0.752264922,0.090909091,0.0,0.0,0.0,0.0,0.0,1.0,3.0
0.384621926,0.454545455,0.0,0.0,0.0,1.0,0.0,0.0,3.0
0.5211862732550429,0.37526215154997095,0.0,0.0,1.0,0.0,0.0,0.0,3.0
0.303262478,1.0,1.0,0.0,0.0,0.0,0.0,0.0,3.0
0.36253735,0.727272727,0.0,0.0,1.0,0.0,0.0,0.0,3.0
0.36253735,0.727272727,0.0,0.0,1.0,0.0,0.0,0.0,3.0
0.483383109,0.454545455,0.0,0.0,1.0,0.0,0.0,0.0,3.0
0.31722019,0.545454545,1.0,0.0,0.0,0.0,0.0,0.0,3.0
0.3691722796993811,0.8410254912797892,0.0,0.0,0.0,1.0,0.0,0.0,3.0
0.665696526811771,0.18221563610226338,0.0,0.0,1.0,0.0,0.0,0.0,3.0
0.425981373,0.545454545,0.0,0.0,0.0,0.0,0.0,1.0,3.0
0.389727645,0.727272727,0.0,0.0,0.0,0.0,1.0,0.0,3.0
0.335347054,0.818181818,1.0,0.0,0.0,0.0,0.0,0.0,3.0
0.3859900515578193,0.19907448449813903,0.0,1.0,0.0,0.0,0.0,0.0,3.0
0.4338770437696536,0.37465962901222305,0.0,0.0,0.0,0.0,1.0,0.0,3.0
0.356495062,0.636363636,0.0,0.0,0.0,1.0,0.0,0.0,3.0
0.395769933,0.636363636,0.0,0.0,1.0,0.0,0.0,0.0,3.0
0.483383109,0.454545455,0.0,0.0,1.0,0.0,0.0,0.0,3.0
0.303685358,0.909090909,1.0,0.0,0.0,0.0,0.0,0.0,3.0
0.574017428,0.0,0.0,0.0,0.0,0.0,1.0,0.0,3.0
0.380664214,0.818181818,0.0,0.0,1.0,0.0,0.0,0.0,3.0
0.4827834701742595,0.09194185635449992,0.0,0.0,0.0,0.0,1.0,0.0,3.0
0.352960229,1.0,0.0,0.0,1.0,0.0,0.0,0.0,3.0
0.3316614328672663,0.4452617735359359,1.0,0.0,0.0,0.0,0.0,0.0,3.0
0.306495062,1.0,0.0,0.0,0.0,0.0,0.0,1.0,3.0
0.3910240512207147,0.43612372583619974,0.0,0.0,0.0,0.0,1.0,0.0,3.0
0.3323574504340739,0.8016174693406303,1.0,0.0,0.0,0.0,0.0,0.0,3.0
0.2701909614753099,0.6502157224103078,0.0,0.0,0.0,0.0,1.0,0.0,3.0
0.36253735,0.727272727,0.0,0.0,1.0,0.0,0.0,0.0,3.0
0.404833365,0.636363636,0.0,0.0,0.0,0.0,0.0,1.0,3.0
0.3316614328672663,0.4452617735359359,1.0,0.0,0.0,0.0,0.0,0.0,3.0
0.6627963296710125,0.17336019037395684,0.0,0.0,1.0,0.0,0.0,0.0,3.0
0.315558494,0.636363636,1.0,0.0,0.0,0.0,0.0,0.0,3.0
0.4800487150561072,0.11131030024411033,0.0,0.0,0.0,0.0,1.0,0.0,3.0
0.368579638,0.272727273,1.0,0.0,0.0,0.0,0.0,0.0,3.0
0.389304766,0.0,1.0,0.0,0.0,0.0,0.0,0.0,3.0
0.31722019,0.545454545,1.0,0.0,0.0,0.0,0.0,0.0,3.0
0.40401824917893087,0.45583384510328445,0.0,0.0,0.0,0.0,1.0,0.0,3.0
0.338368198,0.909090909,0.0,0.0,0.0,1.0,0.0,0.0,3.0
0.665696526811771,0.18221563610226338,0.0,0.0,1.0,0.0,0.0,0.0,3.0
0.386706501,0.545454545,0.0,0.0,0.0,0.0,1.0,0.0,3.0
0.613292299,0.181818182,0.0,0.0,0.0,1.0,0.0,0.0,3.0
0.49565138786948504,0.2805192112892723,0.0,0.0,0.0,1.0,0.0,0.0,3.0
0.344410486,1.0,0.0,0.0,0.0,1.0,0.0,0.0,3.0
0.40401824917893087,0.45583384510328445,0.0,0.0,0.0,0.0,1.0,0.0,3.0
0.350452774,0.727272727,0.0,0.0,0.0,0.0,0.0,1.0,3.0
0.502999581226211,0.2840103985852238,0.0,0.0,0.0,0.0,1.0,0.0,3.0
0.356072182,0.818181818,0.0,0.0,0.0,1.0,0.0,0.0,3.0
0.752264922,0.090909091,0.0,0.0,0.0,0.0,0.0,1.0,3.0
0.39548815253664077,0.003821397196856239,1.0,0.0,0.0,0.0,0.0,0.0,3.0
0.665696526811771,0.18221563610226338,0.0,0.0,1.0,0.0,0.0,0.0,3.0
0.534742556,0.0,0.0,1.0,0.0,0.0,0.0,0.0,3.0
0.39548815253664077,0.003821397196856239,1.0,0.0,0.0,0.0,0.0,0.0,3.0
0.338156758,0.454545455,1.0,0.0,0.0,0.0,0.0,0.0,3.0
0.29101667127519276,0.9056315495549941,0.0,0.0,0.0,0.0,1.0,0.0,3.0
0.6627963296710125,0.17336019037395684,0.0,0.0,1.0,0.0,0.0,0.0,3.0
0.574017428,0.0,0.0,0.0,0.0,0.0,1.0,0.0,3.0
0.665696526811771,0.18221563610226338,0.0,0.0,1.0,0.0,0.0,0.0,3.0
0.3645890017564649,0.27443906995068634,1.0,0.0,0.0,0.0,0.0,0.0,3.0
0.344410486,1.0,0.0,0.0,0.0,1.0,0.0,0.0,3.0
0.335347054,0.818181818,0.0,0.0,0.0,0.0,0.0,1.0,3.0
0.365558494,0.818181818,0.0,0.0,0.0,0.0,1.0,0.0,3.0
0.352748789,0.909090909,0.0,0.0,1.0,0.0,0.0,0.0,3.0
0.350685358,0.727272727,0.0,0.0,0.0,1.0,0.0,0.0,3.0
0.510573404,0.363636364,0.0,0.0,1.0,0.0,0.0,0.0,3.0
0.3596361018997173,0.7379192252118943,0.0,0.0,0.0,1.0,0.0,0.0,3.0
0.30211447,0.909090909,0.0,0.0,0.0,0.0,1.0,0.0,3.0
0.3323574504340739,0.8016174693406303,1.0,0.0,0.0,0.0,0.0,0.0,3.0
0.389727645,0.727272727,0.0,0.0,0.0,0.0,1.0,0.0,3.0
0.311177902,0.909090909,0.0,0.0,0.0,0.0,0.0,1.0,3.0
0.350452774,0.727272727,0.0,0.0,0.0,0.0,0.0,1.0,3.0
0.374621926,0.090909091,1.0,0.0,0.0,0.0,0.0,0.0,3.0
0.513594548,0.090909091,0.0,1.0,0.0,0.0,0.0,0.0,4.0
0.4789780129913437,0.18654362210152048,1.0,0.0,0.0,0.0,0.0,0.0,4.0
0.309516206,1.0,0.0,0.0,0.0,1.0,0.0,0.0,4.0
0.32358753550223596,0.7244606988164249,0.0,0.0,0.0,1.0,0.0,0.0,4.0
0.253776167,0.636363636,0.0,0.0,1.0,0.0,0.0,0.0,4.0
0.314199046,0.818181818,0.0,1.0,0.0,0.0,0.0,0.0,4.0
0.26914114251421084,0.0,0.0,0.0,1.0,0.0,0.0,0.0,4.0
0.39905621299192623,0.3505750847226897,0.0,0.0,0.0,1.0,0.0,0.0,4.0
0.29311735314805304,0.0,0.0,0.0,0.0,0.0,1.0,0.0,4.0
0.29311735314805304,0.0,0.0,0.0,0.0,0.0,1.0,0.0,4.0
0.3495928133952618,0.8154058781139569,0.0,0.0,0.0,0.0,0.0,1.0,4.0
0.273866976,0.181818182,0.0,0.0,0.0,0.0,1.0,0.0,4.0
0.389727645,0.363636364,1.0,0.0,0.0,0.0,0.0,0.0,4.0
0.329304766,1.0,0.0,1.0,0.0,0.0,0.0,0.0,4.0
0.480361965,0.363636364,0.0,1.0,0.0,0.0,0.0,0.0,4.0
0.407854509,0.272727273,1.0,0.0,0.0,0.0,0.0,0.0,4.0
0.3495928133952618,0.8154058781139569,0.0,0.0,0.0,0.0,0.0,1.0,4.0
0.24220528,0.090909091,0.0,0.0,1.0,0.0,0.0,0.0,4.0
0.416917941,0.181818182,0.0,0.0,0.0,0.0,0.0,1.0,4.0
0.407854509,0.272727273,1.0,0.0,0.0,0.0,0.0,0.0,4.0
0.413896797,0.363636364,0.0,0.0,0.0,0.0,0.0,1.0,4.0
0.223564727,0.272727273,0.0,0.0,1.0,0.0,0.0,0.0,4.0
0.314199046,0.818181818,0.0,1.0,0.0,0.0,0.0,0.0,4.0
0.255860743,0.545454545,0.0,0.0,1.0,0.0,0.0,0.0,4.0
0.3478228725426334,0.824560465299352,0.0,0.0,0.0,0.0,0.0,1.0,4.0
0.22700875,0.636363636,0.0,0.0,0.0,0.0,1.0,0.0,4.0
0.329304766,1.0,0.0,1.0,0.0,0.0,0.0,0.0,4.0
0.24799946027824343,0.34919372019350475,0.0,0.0,0.0,0.0,1.0,0.0,4.0
0.423473918,0.181818182,0.0,0.0,0.0,1.0,0.0,0.0,4.0
0.3249989216811012,0.8869073787733218,0.0,0.0,0.0,0.0,0.0,1.0,4.0
0.263776167,0.0,0.0,0.0,1.0,0.0,0.0,0.0,4.0
0.329304766,0.727272727,0.0,0.0,0.0,0.0,0.0,1.0,4.0
0.23771026605295642,0.656922564706519,0.0,0.0,0.0,0.0,1.0,0.0,4.0
0.223564727,0.272727273,0.0,0.0,1.0,0.0,0.0,0.0,4.0
0.3661781429276363,0.6257298780091991,1.0,0.0,0.0,0.0,0.0,0.0,4.0
0.309516206,1.0,0.0,0.0,0.0,1.0,0.0,0.0,4.0
0.209818455,0.909090909,0.0,0.0,1.0,0.0,0.0,0.0,4.0
0.209818455,0.909090909,0.0,0.0,1.0,0.0,0.0,0.0,4.0
0.308156758,0.727272727,1.0,0.0,0.0,0.0,0.0,0.0,4.0
0.209818455,0.909090909,0.0,0.0,1.0,0.0,0.0,0.0,4.0
0.333685358,0.818181818,0.0,0.0,0.0,1.0,0.0,0.0,4.0
0.326283622,0.909090909,0.0,1.0,0.0,0.0,0.0,0.0,4.0
0.413896797,0.363636364,0.0,0.0,0.0,0.0,0.0,1.0,4.0
0.389727645,0.363636364,1.0,0.0,0.0,0.0,0.0,0.0,4.0
0.333685358,0.818181818,0.0,0.0,0.0,1.0,0.0,0.0,4.0
0.36253735,0.909090909,1.0,0.0,0.0,0.0,0.0,0.0,4.0
0.314199046,0.818181818,0.0,1.0,0.0,0.0,0.0,0.0,4.0
0.5237552502337249,0.1569071303797498,0.0,1.0,0.0,0.0,0.0,0.0,4.0
0.422960229,0.272727273,0.0,0.0,0.0,0.0,0.0,1.0,4.0
0.438065949,0.454545455,0.0,1.0,0.0,0.0,0.0,0.0,4.0
0.338368198,0.545454545,1.0,0.0,0.0,0.0,0.0,0.0,4.0
0.24799946027824343,0.34919372019350475,0.0,0.0,0.0,0.0,1.0,0.0,4.0
0.223564727,0.272727273,0.0,0.0,1.0,0.0,0.0,0.0,4.0
0.329304766,0.909090909,0.0,0.0,0.0,1.0,0.0,0.0,4.0
0.441087093,0.090909091,0.0,0.0,0.0,1.0,0.0,0.0,4.0
0.340613294546384,0.9993423230738673,1.0,0.0,0.0,0.0,0.0,0.0,4.0
0.480361965,0.363636364,0.0,1.0,0.0,0.0,0.0,0.0,4.0
0.407854509,0.272727273,1.0,0.0,0.0,0.0,0.0,0.0,4.0
0.3371755340204697,0.8970190932802955,0.0,0.0,0.0,0.0,0.0,1.0,4.0
0.23771026605295642,0.656922564706519,0.0,0.0,0.0,0.0,1.0,0.0,4.0
0.223564727,0.272727273,0.0,0.0,1.0,0.0,0.0,0.0,4.0
0.4081817804265928,0.3758834466472141,0.0,0.0,0.0,1.0,0.0,0.0,4.0
0.329304766,1.0,0.0,0.0,0.0,0.0,0.0,1.0,4.0
0.501509972,0.0,0.0,0.0,0.0,1.0,0.0,0.0,4.0
0.308156758,0.727272727,1.0,0.0,0.0,0.0,0.0,0.0,4.0
0.213096646,0.818181818,0.0,0.0,1.0,0.0,0.0,0.0,4.0
0.2678980530440251,0.014717795111933513,0.0,0.0,1.0,0.0,0.0,0.0,4.0
0.47884270659011113,0.2797961691471612,0.0,1.0,0.0,0.0,0.0,0.0,4.0
0.234924175,1.0,0.0,0.0,1.0,0.0,0.0,0.0,4.0
0.359516206,0.545454545,0.0,0.0,0.0,1.0,0.0,0.0,4.0
0.338368198,0.545454545,1.0,0.0,0.0,0.0,0.0,0.0,4.0
0.407854509,0.272727273,1.0,0.0,0.0,0.0,0.0,0.0,4.0
0.368579638,0.818181818,1.0,0.0,0.0,0.0,0.0,0.0,4.0
0.371600782,0.636363636,0.0,1.0,0.0,0.0,0.0,0.0,4.0
0.338368198,0.545454545,1.0,0.0,0.0,0.0,0.0,0.0,4.0
0.371600782,0.636363636,0.0,1.0,0.0,0.0,0.0,0.0,4.0
0.4789780129913437,0.18654362210152048,1.0,0.0,0.0,0.0,0.0,0.0,4.0
0.462235101,0.090909091,0.0,0.0,0.0,0.0,0.0,1.0,4.0
0.438065949,0.454545455,0.0,1.0,0.0,0.0,0.0,0.0,4.0
0.340613294546384,0.9993423230738673,1.0,0.0,0.0,0.0,0.0,0.0,4.0
0.329304766,1.0,0.0,0.0,0.0,0.0,0.0,1.0,4.0
0.233987607,0.727272727,0.0,0.0,1.0,0.0,0.0,0.0,4.0
0.22577710479575497,0.09489629825895243,0.0,0.0,1.0,0.0,0.0,0.0,4.0
0.209818455,0.909090909,0.0,0.0,1.0,0.0,0.0,0.0,4.0
0.329304766,0.909090909,0.0,0.0,0.0,1.0,0.0,0.0,4.0
0.3056392218971497,0.9856290323477235,0.0,0.0,0.0,1.0,0.0,0.0,4.0
0.359516206,1.0,1.0,0.0,0.0,0.0,0.0,0.0,4.0
0.309516206,1.0,0.0,0.0,0.0,1.0,0.0,0.0,4.0
0.32358753550223596,0.7244606988164249,0.0,0.0,0.0,1.0,0.0,0.0,4.0
0.2678980530440251,0.014717795111933513,0.0,0.0,1.0,0.0,0.0,0.0,4.0
0.39905621299192623,0.3505750847226897,0.0,0.0,0.0,1.0,0.0,0.0,4.0
0.209818455,0.909090909,0.0,0.0,1.0,0.0,0.0,0.0,4.0
0.407854509,0.454545455,0.0,0.0,0.0,0.0,0.0,1.0,4.0
0.4475827253872107,0.09745845221592776,0.0,0.0,0.0,1.0,0.0,0.0,4.0
0.3661781429276363,0.6257298780091991,1.0,0.0,0.0,0.0,0.0,0.0,4.0
0.3208716276391615,0.73092064785113,0.0,0.0,0.0,1.0,0.0,0.0,4.0
0.480361965,0.363636364,0.0,1.0,0.0,0.0,0.0,0.0,4.0
0.273866976,0.181818182,0.0,0.0,0.0,0.0,1.0,0.0,4.0
0.227522439,0.454545455,0.0,0.0,0.0,0.0,1.0,0.0,4.0
0.24799946027824343,0.34919372019350475,0.0,0.0,0.0,0.0,1.0,0.0,4.0
0.223564727,0.272727273,0.0,0.0,1.0,0.0,0.0,0.0,4.0
0.33232591,0.545454545,0.0,0.0,0.0,0.0,0.0,1.0,4.0
0.197733879,0.818181818,0.0,0.0,0.0,0.0,1.0,0.0,4.0
0.309516206,1.0,0.0,0.0,0.0,1.0,0.0,0.0,4.0
0.471298533,0.181818182,1.0,0.0,0.0,0.0,0.0,0.0,4.0
0.34743163,0.636363636,0.0,0.0,0.0,0.0,0.0,1.0,4.0
0.24799946027824343,0.34919372019350475,0.0,0.0,0.0,0.0,1.0,0.0,4.0
0.4081817804265928,0.3758834466472141,0.0,0.0,0.0,1.0,0.0,0.0,4.0
0.441087093,0.090909091,0.0,0.0,0.0,1.0,0.0,0.0,4.0
0.3495928133952618,0.8154058781139569,0.0,0.0,0.0,0.0,0.0,1.0,4.0
0.513594548,0.090909091,1.0,0.0,0.0,0.0,0.0,0.0,4.0
0.501509972,0.0,0.0,0.0,0.0,1.0,0.0,0.0,4.0
0.3495928133952618,0.8154058781139569,0.0,0.0,0.0,0.0,0.0,1.0,4.0
0.462235101,0.090909091,0.0,0.0,0.0,0.0,0.0,1.0,4.0
0.37764307,0.454545455,0.0,0.0,0.0,1.0,0.0,0.0,4.0
0.47884270659011113,0.2797961691471612,0.0,1.0,0.0,0.0,0.0,0.0,4.0
0.501509972,0.0,0.0,0.0,0.0,1.0,0.0,0.0,4.0
0.213096646,0.818181818,0.0,0.0,1.0,0.0,0.0,0.0,4.0
0.213096646,0.818181818,0.0,0.0,1.0,0.0,0.0,0.0,4.0
0.255860743,0.545454545,0.0,0.0,1.0,0.0,0.0,0.0,4.0
0.353473918,0.636363636,1.0,0.0,0.0,0.0,0.0,0.0,4.0
0.33232591,0.545454545,0.0,0.0,0.0,0.0,0.0,1.0,4.0
0.207945319,0.727272727,0.0,0.0,0.0,0.0,1.0,0.0,4.0
0.36253735,0.909090909,1.0,0.0,0.0,0.0,0.0,0.0,4.0
0.5237552502337249,0.1569071303797498,0.0,1.0,0.0,0.0,0.0,0.0,4.0
0.32358753550223596,0.7244606988164249,0.0,0.0,0.0,1.0,0.0,0.0,4.0
0.34743163,0.636363636,0.0,0.0,0.0,1.0,0.0,0.0,4.0
0.233987607,0.727272727,0.0,0.0,1.0,0.0,0.0,0.0,4.0
0.255860743,0.545454545,0.0,0.0,1.0,0.0,0.0,0.0,4.0
0.359516206,1.0,1.0,0.0,0.0,0.0,0.0,0.0,4.0
0.28125225,0.0,0.0,0.0,0.0,0.0,1.0,0.0,4.0
0.209818455,0.909090909,0.0,0.0,1.0,0.0,0.0,0.0,4.0
0.3495928133952618,0.8154058781139569,0.0,0.0,0.0,0.0,0.0,1.0,4.0
0.592144292,0.0,0.0,0.0,0.0,0.0,0.0,1.0,4.0
0.22175798548538964,0.45681508472293114,0.0,0.0,0.0,0.0,1.0,0.0,4.0
0.329304766,1.0,0.0,0.0,0.0,0.0,0.0,1.0,4.0
0.32667540943841467,0.815746993875813,0.0,1.0,0.0,0.0,0.0,0.0,4.0
0.3249989216811012,0.8869073787733218,0.0,0.0,0.0,0.0,0.0,1.0,4.0
0.213096646,0.818181818,0.0,0.0,1.0,0.0,0.0,0.0,4.0
0.34743163,0.636363636,0.0,0.0,0.0,0.0,0.0,1.0,4.0
0.22175798548538964,0.45681508472293114,0.0,0.0,0.0,0.0,1.0,0.0,4.0
0.308156758,0.727272727,1.0,0.0,0.0,0.0,0.0,0.0,4.0
0.2678980530440251,0.014717795111933513,0.0,0.0,1.0,0.0,0.0,0.0,4.0
0.389727645,0.363636364,1.0,0.0,0.0,0.0,0.0,0.0,4.0
0.513594548,0.090909091,1.0,0.0,0.0,0.0,0.0,0.0,4.0
0.353473918,0.636363636,1.0,0.0,0.0,0.0,0.0,0.0,4.0
0.340613294546384,0.9993423230738673,1.0,0.0,0.0,0.0,0.0,0.0,4.0
0.329304766,0.909090909,0.0,0.0,0.0,1.0,0.0,0.0,4.0
0.235649303,0.545454545,0.0,0.0,0.0,0.0,1.0,0.0,4.0
0.441087093,0.090909091,0.0,0.0,0.0,1.0,0.0,0.0,4.0
0.2575150253048025,0.009102840184356493,0.0,0.0,1.0,0.0,0.0,0.0,4.0
0.309516206,1.0,0.0,0.0,0.0,1.0,0.0,0.0,4.0
0.340613294546384,0.9993423230738673,1.0,0.0,0.0,0.0,0.0,0.0,4.0
0.329304766,0.727272727,0.0,0.0,0.0,0.0,0.0,1.0,4.0
0.3565400300869823,0.739032731695841,0.0,1.0,0.0,0.0,0.0,0.0,4.0
0.333685358,0.818181818,0.0,0.0,0.0,1.0,0.0,0.0,4.0
0.462235101,0.090909091,0.0,0.0,0.0,0.0,0.0,1.0,4.0
0.25775363067595924,0.4555859669504295,0.0,0.0,1.0,0.0,0.0,0.0,4.0
0.513594548,0.090909091,0.0,1.0,0.0,0.0,0.0,0.0,4.0
0.25775363067595924,0.4555859669504295,0.0,0.0,1.0,0.0,0.0,0.0,4.0
0.338368198,0.545454545,1.0,0.0,0.0,0.0,0.0,0.0,4.0
0.3567608252198537,0.9097364746610452,1.0,0.0,0.0,0.0,0.0,0.0,4.0
0.28125225,0.0,0.0,0.0,0.0,0.0,1.0,0.0,4.0
0.309516206,1.0,0.0,0.0,0.0,1.0,0.0,0.0,4.0
0.365558494,0.818181818,0.0,0.0,0.0,0.0,0.0,1.0,4.0
0.197733879,0.818181818,0.0,0.0,0.0,0.0,1.0,0.0,4.0
0.234924175,1.0,0.0,0.0,1.0,0.0,0.0,0.0,4.0
0.330664214,0.727272727,0.0,0.0,0.0,1.0,0.0,0.0,4.0
0.262839599,0.454545455,0.0,0.0,1.0,0.0,0.0,0.0,4.0
0.4081817804265928,0.3758834466472141,0.0,0.0,0.0,1.0,0.0,0.0,4.0
0.263776167,0.0,0.0,0.0,1.0,0.0,0.0,0.0,4.0
0.32667540943841467,0.815746993875813,0.0,1.0,0.0,0.0,0.0,0.0,4.0
0.207945319,0.727272727,0.0,0.0,0.0,0.0,1.0,0.0,4.0
0.335347054,0.909090909,0.0,0.0,0.0,0.0,0.0,1.0,4.0
0.329304766,0.727272727,0.0,0.0,0.0,0.0,0.0,1.0,4.0
0.471298533,0.181818182,1.0,0.0,0.0,0.0,0.0,0.0,4.0
0.209818455,0.909090909,0.0,0.0,1.0,0.0,0.0,0.0,4.0
0.24199384,0.363636364,0.0,0.0,0.0,0.0,1.0,0.0,4.0
0.368579638,0.818181818,1.0,0.0,0.0,0.0,0.0,0.0,4.0
0.207945319,0.727272727,0.0,0.0,0.0,0.0,1.0,0.0,4.0
0.207945319,0.727272727,0.0,0.0,0.0,0.0,1.0,0.0,4.0
0.329304766,1.0,0.0,0.0,0.0,0.0,0.0,1.0,4.0
0.3371755340204697,0.8970190932802955,0.0,0.0,0.0,0.0,0.0,1.0,4.0
0.24220528,0.090909091,0.0,0.0,1.0,0.0,0.0,0.0,4.0
0.209818455,0.909090909,0.0,0.0,1.0,0.0,0.0,0.0,4.0
0.29311735314805304,0.0,0.0,0.0,0.0,0.0,1.0,0.0,4.0
0.23771026605295642,0.656922564706519,0.0,0.0,0.0,0.0,1.0,0.0,4.0
0.24799946027824343,0.34919372019350475,0.0,0.0,0.0,0.0,1.0,0.0,4.0
0.209818455,0.909090909,0.0,0.0,1.0,0.0,0.0,0.0,4.0
0.31944117334383093,1.0,0.0,0.0,0.0,0.0,0.0,1.0,4.0
0.513594548,0.090909091,1.0,0.0,0.0,0.0,0.0,0.0,4.0
0.235649303,0.545454545,0.0,0.0,0.0,0.0,1.0,0.0,4.0
0.209818455,0.909090909,0.0,0.0,1.0,0.0,0.0,0.0,4.0
0.3565400300869823,0.739032731695841,0.0,1.0,0.0,0.0,0.0,0.0,4.0
0.389727645,0.363636364,1.0,0.0,0.0,0.0,0.0,0.0,4.0
0.34366488127515876,0.6356966778807503,1.0,0.0,0.0,0.0,0.0,0.0,4.0
0.32358753550223596,0.7244606988164249,0.0,0.0,0.0,1.0,0.0,0.0,4.0
0.235649303,0.545454545,0.0,0.0,0.0,0.0,1.0,0.0,4.0
0.441087093,0.090909091,0.0,0.0,0.0,1.0,0.0,0.0,4.0
0.209818455,0.909090909,0.0,0.0,1.0,0.0,0.0,0.0,4.0
0.38021433516882286,0.35601037667821755,0.0,0.0,0.0,0.0,0.0,1.0,5.0
0.362839599,0.363636364,0.0,1.0,0.0,0.0,0.0,0.0,5.0
0.3701402037028602,0.8985571527918933,0.0,0.0,0.0,1.0,0.0,0.0,5.0
0.395044805,0.818181818,0.0,0.0,0.0,1.0,0.0,0.0,5.0
0.33431818979301015,0.9097648765465731,1.0,0.0,0.0,0.0,0.0,0.0,5.0
0.4901750605002673,0.4618786736484636,0.0,0.0,0.0,1.0,0.0,0.0,5.0
0.323262478,0.909090909,0.0,0.0,1.0,0.0,0.0,0.0,5.0
0.33232591,1.0,0.0,1.0,0.0,0.0,0.0,0.0,5.0
0.38021433516882286,0.35601037667821755,0.0,0.0,0.0,0.0,0.0,1.0,5.0
0.32346538518338824,0.5578738870941277,0.0,0.0,0.0,0.0,0.0,1.0,5.0
0.5670255675871396,0.0,0.0,0.0,0.0,1.0,0.0,0.0,5.0
0.3195977145288319,1.0,0.0,0.0,0.0,0.0,0.0,1.0,5.0
0.3195977145288319,1.0,0.0,0.0,0.0,0.0,0.0,1.0,5.0
0.2874896154393506,0.36609204330742723,1.0,0.0,0.0,0.0,0.0,0.0,5.0
0.3654116264661139,0.45431728305522023,0.0,0.0,0.0,0.0,0.0,1.0,5.0
0.5053881032793289,0.3694414487562187,0.0,0.0,0.0,1.0,0.0,0.0,5.0
0.378368198,0.363636364,0.0,0.0,0.0,0.0,1.0,0.0,5.0
0.277945319,0.272727273,1.0,0.0,0.0,0.0,0.0,0.0,5.0
0.419184136,0.090909091,0.0,0.0,0.0,0.0,1.0,0.0,5.0
0.320241334,0.818181818,0.0,1.0,0.0,0.0,0.0,0.0,5.0
0.311177902,0.181818182,1.0,0.0,0.0,0.0,0.0,0.0,5.0
0.2874896154393506,0.36609204330742723,1.0,0.0,0.0,0.0,0.0,0.0,5.0
0.33318391861685515,0.9160811331146996,0.0,0.0,0.0,0.0,1.0,0.0,5.0
0.471298533,0.181818182,0.0,0.0,1.0,0.0,0.0,0.0,5.0
0.410875653,0.272727273,0.0,0.0,0.0,0.0,0.0,1.0,5.0
0.311177902,0.181818182,1.0,0.0,0.0,0.0,0.0,0.0,5.0
0.36253735,0.727272727,0.0,0.0,0.0,0.0,0.0,1.0,5.0
0.34743163,0.636363636,0.0,0.0,1.0,0.0,0.0,0.0,5.0
0.33232591,1.0,0.0,1.0,0.0,0.0,0.0,0.0,5.0
0.350875653,0.545454545,0.0,0.0,1.0,0.0,0.0,0.0,5.0
0.2866849684875758,0.8942123855314493,0.0,1.0,0.0,0.0,0.0,0.0,5.0
0.519636836,0.090909091,0.0,0.0,1.0,0.0,0.0,0.0,5.0
0.419184136,0.090909091,0.0,0.0,0.0,0.0,1.0,0.0,5.0
0.33318391861685515,0.9160811331146996,0.0,0.0,0.0,0.0,1.0,0.0,5.0
0.30561137614158174,0.9038909541398467,0.0,0.0,0.0,0.0,1.0,0.0,5.0
0.506102004,0.363636364,0.0,0.0,0.0,1.0,0.0,0.0,5.0
0.4234031730859552,0.08579177873765849,0.0,0.0,0.0,0.0,1.0,0.0,5.0
0.398791077,0.363636364,0.0,0.0,1.0,0.0,0.0,0.0,5.0
0.350452774,0.818181818,0.0,0.0,0.0,0.0,0.0,1.0,5.0
0.3157869809686894,0.9053912991107652,0.0,0.0,1.0,0.0,0.0,0.0,5.0
0.34743163,0.636363636,0.0,0.0,1.0,0.0,0.0,0.0,5.0
0.3543967196238583,0.4442711122624907,0.0,0.0,0.0,0.0,0.0,1.0,5.0
0.395044805,0.818181818,0.0,0.0,0.0,1.0,0.0,0.0,5.0
0.444108237,0.181818182,0.0,0.0,0.0,0.0,0.0,1.0,5.0
0.444108237,0.181818182,0.0,0.0,0.0,0.0,0.0,1.0,5.0
0.320241334,0.909090909,1.0,0.0,0.0,0.0,0.0,0.0,5.0
0.444108237,0.181818182,0.0,0.0,0.0,0.0,0.0,1.0,5.0
0.369002517,0.909090909,0.0,0.0,0.0,1.0,0.0,0.0,5.0
0.33318391861685515,0.9160811331146996,0.0,0.0,0.0,0.0,1.0,0.0,5.0
0.391177902,0.272727273,0.0,0.0,0.0,0.0,1.0,0.0,5.0
0.36253735,0.727272727,0.0,0.0,0.0,0.0,0.0,1.0,5.0
0.277945319,0.272727273,1.0,0.0,0.0,0.0,0.0,0.0,5.0
0.4485411613392383,0.0,0.0,0.0,0.0,0.0,1.0,0.0,5.0
0.369002517,0.909090909,0.0,0.0,0.0,1.0,0.0,0.0,5.0
0.30211447,0.818181818,1.0,0.0,0.0,0.0,0.0,0.0,5.0
0.33232591,1.0,0.0,1.0,0.0,0.0,0.0,0.0,5.0
0.5857776240346149,0.010370378955557173,1.0,0.0,0.0,0.0,0.0,0.0,5.0
0.371600782,0.363636364,0.0,0.0,0.0,0.0,0.0,1.0,5.0
0.34743163,0.545454545,0.0,1.0,0.0,0.0,0.0,0.0,5.0
0.335347054,0.454545455,1.0,0.0,0.0,0.0,0.0,0.0,5.0
0.30561137614158174,0.9038909541398467,0.0,0.0,0.0,0.0,1.0,0.0,5.0
0.34743163,0.636363636,0.0,0.0,1.0,0.0,0.0,0.0,5.0
0.389727645,0.727272727,0.0,0.0,0.0,1.0,0.0,0.0,5.0
0.558911708,0.0,0.0,0.0,0.0,1.0,0.0,0.0,5.0
0.4277670783040299,0.19022083486727673,0.0,0.0,0.0,0.0,1.0,0.0,5.0
0.320241334,0.818181818,0.0,1.0,0.0,0.0,0.0,0.0,5.0
0.311177902,0.181818182,1.0,0.0,0.0,0.0,0.0,0.0,5.0
0.3761420106856489,0.3655332337152931,0.0,1.0,0.0,0.0,0.0,0.0,5.0
0.3157869809686894,0.9053912991107652,0.0,0.0,1.0,0.0,0.0,0.0,5.0
0.34743163,0.636363636,0.0,0.0,1.0,0.0,0.0,0.0,5.0
0.3133770873759123,0.8013271059725123,0.0,0.0,0.0,0.0,1.0,0.0,5.0
0.444108237,0.090909091,1.0,0.0,0.0,0.0,0.0,0.0,5.0
0.314199046,1.0,1.0,0.0,0.0,0.0,0.0,0.0,5.0
0.320241334,0.909090909,1.0,0.0,0.0,0.0,0.0,0.0,5.0
0.341389342,0.818181818,0.0,0.0,1.0,0.0,0.0,0.0,5.0
0.39546963060253615,0.6356993039845245,0.0,0.0,0.0,1.0,0.0,0.0,5.0
0.5186167300262929,0.28389683000837573,0.0,0.0,0.0,1.0,0.0,0.0,5.0
0.296072182,1.0,0.0,0.0,1.0,0.0,0.0,0.0,5.0
0.401812221,0.636363636,0.0,0.0,0.0,1.0,0.0,0.0,5.0
0.5053881032793289,0.3694414487562187,0.0,0.0,0.0,1.0,0.0,0.0,5.0
0.335347054,0.454545455,1.0,0.0,0.0,0.0,0.0,0.0,5.0
0.311177902,0.181818182,1.0,0.0,0.0,0.0,0.0,0.0,5.0
0.290029894,0.727272727,1.0,0.0,0.0,0.0,0.0,0.0,5.0
0.446283622,0.0,0.0,0.0,0.0,0.0,1.0,0.0,5.0
0.2729067014601524,0.740319022880396,1.0,0.0,0.0,0.0,0.0,0.0,5.0
0.335347054,0.454545455,1.0,0.0,0.0,0.0,0.0,0.0,5.0
0.446283622,0.0,0.0,0.0,0.0,0.0,1.0,0.0,5.0
0.3701402037028602,0.8985571527918933,0.0,0.0,0.0,1.0,0.0,0.0,5.0
0.353473918,0.454545455,0.0,0.0,0.0,0.0,0.0,1.0,5.0
0.34743163,0.545454545,0.0,1.0,0.0,0.0,0.0,0.0,5.0
0.4277670783040299,0.19022083486727673,0.0,0.0,0.0,0.0,1.0,0.0,5.0
0.444108237,0.090909091,1.0,0.0,0.0,0.0,0.0,0.0,5.0
0.341389342,0.727272727,0.0,0.0,1.0,0.0,0.0,0.0,5.0
0.4192749458175981,0.26562286031274807,0.0,0.0,1.0,0.0,0.0,0.0,5.0
0.444108237,0.181818182,0.0,0.0,0.0,0.0,0.0,1.0,5.0
0.3654116264661139,0.45431728305522023,0.0,0.0,0.0,0.0,0.0,1.0,5.0
0.389727645,0.727272727,0.0,0.0,0.0,1.0,0.0,0.0,5.0
0.5400946816066536,0.2687521966563743,0.0,0.0,0.0,1.0,0.0,0.0,5.0
0.540784844,0.090909091,0.0,0.0,0.0,1.0,0.0,0.0,5.0
0.395044805,0.818181818,0.0,0.0,0.0,1.0,0.0,0.0,5.0
0.4901750605002673,0.4618786736484636,0.0,0.0,0.0,1.0,0.0,0.0,5.0
0.39546963060253615,0.6356993039845245,0.0,0.0,0.0,1.0,0.0,0.0,5.0
0.5670255675871396,0.0,0.0,0.0,0.0,1.0,0.0,0.0,5.0
0.444108237,0.181818182,0.0,0.0,0.0,0.0,0.0,1.0,5.0
0.323262478,0.545454545,0.0,0.0,0.0,0.0,0.0,1.0,5.0
0.38493473911453446,0.3549382310293355,0.0,0.0,0.0,0.0,0.0,1.0,5.0
0.3543967196238583,0.4442711122624907,0.0,0.0,0.0,0.0,0.0,1.0,5.0
0.31947983111352357,1.0,0.0,0.0,1.0,0.0,0.0,0.0,5.0
0.320241334,0.818181818,0.0,1.0,0.0,0.0,0.0,0.0,5.0
0.378368198,0.363636364,0.0,0.0,0.0,0.0,1.0,0.0,5.0
0.348791077,0.636363636,0.0,0.0,0.0,0.0,1.0,0.0,5.0
0.30561137614158174,0.9038909541398467,0.0,0.0,0.0,0.0,1.0,0.0,5.0
0.34743163,0.636363636,0.0,0.0,1.0,0.0,0.0,0.0,5.0
0.30211447,0.636363636,0.0,0.0,0.0,0.0,0.0,1.0,5.0
0.295347054,1.0,0.0,0.0,0.0,0.0,1.0,0.0,5.0
0.395044805,0.818181818,0.0,0.0,0.0,1.0,0.0,0.0,5.0
0.296072182,0.363636364,1.0,0.0,0.0,0.0,0.0,0.0,5.0
0.314199046,1.0,0.0,0.0,0.0,0.0,0.0,1.0,5.0
0.30561137614158174,0.9038909541398467,0.0,0.0,0.0,0.0,1.0,0.0,5.0
0.3133770873759123,0.8013271059725123,0.0,0.0,0.0,0.0,1.0,0.0,5.0
0.558911708,0.0,0.0,0.0,0.0,1.0,0.0,0.0,5.0
0.2874896154393506,0.36609204330742723,1.0,0.0,0.0,0.0,0.0,0.0,5.0
0.58308086,0.0,1.0,0.0,0.0,0.0,0.0,0.0,5.0
0.33318391861685515,0.9160811331146996,0.0,0.0,0.0,0.0,1.0,0.0,5.0
0.314199046,1.0,1.0,0.0,0.0,0.0,0.0,0.0,5.0
0.2874896154393506,0.36609204330742723,1.0,0.0,0.0,0.0,0.0,0.0,5.0
0.353473918,0.454545455,0.0,0.0,0.0,0.0,0.0,1.0,5.0
0.534742556,0.272727273,0.0,0.0,0.0,1.0,0.0,0.0,5.0
0.5186167300262929,0.28389683000837573,0.0,0.0,0.0,1.0,0.0,0.0,5.0
0.314199046,1.0,1.0,0.0,0.0,0.0,0.0,0.0,5.0
0.341389342,0.818181818,0.0,0.0,1.0,0.0,0.0,0.0,5.0
0.341389342,0.818181818,0.0,0.0,1.0,0.0,0.0,0.0,5.0
0.350875653,0.545454545,0.0,0.0,1.0,0.0,0.0,0.0,5.0
0.229607015,0.545454545,1.0,0.0,0.0,0.0,0.0,0.0,5.0
0.2729067014601524,0.740319022880396,1.0,0.0,0.0,0.0,0.0,0.0,5.0
0.38021433516882286,0.35601037667821755,0.0,0.0,0.0,0.0,0.0,1.0,5.0
0.30211447,0.636363636,0.0,0.0,0.0,0.0,0.0,1.0,5.0
0.323262478,0.909090909,0.0,0.0,0.0,0.0,1.0,0.0,5.0
0.30211447,0.818181818,1.0,0.0,0.0,0.0,0.0,0.0,5.0
0.5857776240346149,0.010370378955557173,1.0,0.0,0.0,0.0,0.0,0.0,5.0
0.4901750605002673,0.4618786736484636,0.0,0.0,0.0,1.0,0.0,0.0,5.0
0.489425397,0.454545455,0.0,0.0,0.0,1.0,0.0,0.0,5.0
0.341389342,0.727272727,0.0,0.0,1.0,0.0,0.0,0.0,5.0
0.350875653,0.545454545,0.0,0.0,1.0,0.0,0.0,0.0,5.0
0.540784844,0.090909091,0.0,0.0,0.0,1.0,0.0,0.0,5.0
0.422839599,0.181818182,0.0,0.0,0.0,0.0,1.0,0.0,5.0
0.444108237,0.181818182,0.0,0.0,0.0,0.0,0.0,1.0,5.0
0.2874896154393506,0.36609204330742723,1.0,0.0,0.0,0.0,0.0,0.0,5.0
0.495467684,0.090909091,0.0,0.0,0.0,0.0,0.0,1.0,5.0
0.42952049891912775,0.5280673512694735,0.0,0.0,0.0,1.0,0.0,0.0,5.0
0.444108237,0.090909091,1.0,0.0,0.0,0.0,0.0,0.0,5.0
0.5053881032793289,0.3694414487562187,0.0,0.0,0.0,1.0,0.0,0.0,5.0
0.37303249745499156,0.35218057389565144,0.0,0.0,0.0,0.0,1.0,0.0,5.0
0.4234031730859552,0.08579177873765849,0.0,0.0,0.0,0.0,1.0,0.0,5.0
0.341389342,0.818181818,0.0,0.0,1.0,0.0,0.0,0.0,5.0
0.314199046,1.0,0.0,0.0,0.0,0.0,0.0,1.0,5.0
0.42952049891912775,0.5280673512694735,0.0,0.0,0.0,1.0,0.0,0.0,5.0
0.4485411613392383,0.0,0.0,0.0,0.0,0.0,1.0,0.0,5.0
0.320241334,0.909090909,1.0,0.0,0.0,0.0,0.0,0.0,5.0
0.39546963060253615,0.6356993039845245,0.0,0.0,0.0,1.0,0.0,0.0,5.0
0.277945319,0.272727273,1.0,0.0,0.0,0.0,0.0,0.0,5.0
0.58308086,0.0,1.0,0.0,0.0,0.0,0.0,0.0,5.0
0.229607015,0.545454545,1.0,0.0,0.0,0.0,0.0,0.0,5.0
0.4277670783040299,0.19022083486727673,0.0,0.0,0.0,0.0,1.0,0.0,5.0
0.389727645,0.727272727,0.0,0.0,0.0,1.0,0.0,0.0,5.0
0.38021433516882286,0.35601037667821755,0.0,0.0,0.0,0.0,0.0,1.0,5.0
0.353685358,0.727272727,0.0,0.0,0.0,0.0,1.0,0.0,5.0
0.558911708,0.0,0.0,0.0,0.0,1.0,0.0,0.0,5.0
0.4494549808051421,0.01958101412180115,0.0,0.0,0.0,0.0,1.0,0.0,5.0
0.395044805,0.818181818,0.0,0.0,0.0,1.0,0.0,0.0,5.0
0.4277670783040299,0.19022083486727673,0.0,0.0,0.0,0.0,1.0,0.0,5.0
0.350452774,0.818181818,0.0,0.0,0.0,0.0,0.0,1.0,5.0
0.3440939718136634,0.6404274570450961,0.0,0.0,0.0,0.0,1.0,0.0,5.0
0.369002517,0.909090909,0.0,0.0,0.0,1.0,0.0,0.0,5.0
0.353473918,0.454545455,0.0,0.0,0.0,0.0,0.0,1.0,5.0
0.3846404100066418,0.3416527066704426,0.0,0.0,0.0,0.0,1.0,0.0,5.0
0.38021433516882286,0.35601037667821755,0.0,0.0,0.0,0.0,0.0,1.0,5.0
0.362839599,0.363636364,0.0,1.0,0.0,0.0,0.0,0.0,5.0
0.3846404100066418,0.3416527066704426,0.0,0.0,0.0,0.0,1.0,0.0,5.0
0.335347054,0.454545455,1.0,0.0,0.0,0.0,0.0,0.0,5.0
0.3572758618289643,0.45785007381730874,0.0,0.0,0.0,0.0,0.0,1.0,5.0
0.4485411613392383,0.0,0.0,0.0,0.0,0.0,1.0,0.0,5.0
0.422839599,0.181818182,0.0,0.0,0.0,0.0,1.0,0.0,5.0
0.38021433516882286,0.35601037667821755,0.0,0.0,0.0,0.0,0.0,1.0,5.0
0.395044805,0.818181818,0.0,0.0,0.0,1.0,0.0,0.0,5.0
0.308156758,0.909090909,0.0,0.0,0.0,0.0,0.0,1.0,5.0
0.295347054,1.0,0.0,0.0,0.0,0.0,1.0,0.0,5.0
0.296072182,1.0,0.0,0.0,1.0,0.0,0.0,0.0,5.0
0.443805988,0.545454545,0.0,0.0,0.0,1.0,0.0,0.0,5.0
0.383685358,0.454545455,0.0,0.0,1.0,0.0,0.0,0.0,5.0
0.3133770873759123,0.8013271059725123,0.0,0.0,0.0,0.0,1.0,0.0,5.0
0.398791077,0.363636364,0.0,0.0,1.0,0.0,0.0,0.0,5.0
0.37303249745499156,0.35218057389565144,0.0,0.0,0.0,0.0,1.0,0.0,5.0
0.323262478,0.909090909,0.0,0.0,0.0,0.0,1.0,0.0,5.0
0.3552327200472018,0.6467372254770384,0.0,1.0,0.0,0.0,0.0,0.0,5.0
0.350452774,0.818181818,0.0,0.0,0.0,0.0,0.0,1.0,5.0
0.296072182,0.363636364,1.0,0.0,0.0,0.0,0.0,0.0,5.0
0.444108237,0.181818182,0.0,0.0,0.0,0.0,0.0,1.0,5.0
0.319939085,0.818181818,0.0,0.0,0.0,0.0,1.0,0.0,5.0
0.290029894,0.727272727,1.0,0.0,0.0,0.0,0.0,0.0,5.0
